{
    "$schema": "https://schema.management.azure.com/schemas/2015-01-01/deploymentTemplate.json#",
    "contentVersion": "1.0.0.0",
    "parameters": {
        "sites_UoKGPVortexWebAPI_name": {
            "defaultValue": "UoKGPVortexWebAPI",
            "type": "String"
        },
        "serverfarms_ASPSmartToilet_externalid": {
            "defaultValue": "/subscriptions/49f2dc35-7df7-4e57-8915-e74c2bba8f80/resourceGroups/SmartToilet/providers/Microsoft.Web/serverfarms/ASPSmartToilet",
            "type": "String"
        }
    },
    "variables": {},
    "resources": [
        {
            "type": "Microsoft.Web/sites",
            "apiVersion": "2018-11-01",
            "name": "[parameters('sites_UoKGPVortexWebAPI_name')]",
            "location": "UK South",
            "kind": "app",
            "properties": {
                "enabled": true,
                "hostNameSslStates": [
                    {
                        "name": "uokgpvortexwebapi.azurewebsites.net",
                        "sslState": "Disabled",
                        "hostType": "Standard"
                    },
                    {
                        "name": "uokgpvortexwebapi.scm.azurewebsites.net",
                        "sslState": "Disabled",
                        "hostType": "Repository"
                    }
                ],
                "serverFarmId": "[parameters('serverfarms_ASPSmartToilet_externalid')]",
                "reserved": false,
                "isXenon": false,
                "hyperV": false,
                "scmSiteAlsoStopped": false,
                "clientAffinityEnabled": true,
                "clientCertEnabled": false,
                "hostNamesDisabled": false,
                "containerSize": 0,
                "dailyMemoryTimeQuota": 0,
                "httpsOnly": false,
                "redundancyMode": "None"
            }
        },
        {
            "type": "Microsoft.Web/sites/config",
            "apiVersion": "2018-11-01",
            "name": "[concat(parameters('sites_UoKGPVortexWebAPI_name'), '/web')]",
            "location": "UK South",
            "dependsOn": [
                "[resourceId('Microsoft.Web/sites', parameters('sites_UoKGPVortexWebAPI_name'))]"
            ],
            "properties": {
                "numberOfWorkers": 1,
                "defaultDocuments": [
                    "Default.htm",
                    "Default.html",
                    "Default.asp",
                    "index.htm",
                    "index.html",
                    "iisstart.htm",
                    "default.aspx",
                    "index.php",
                    "hostingstart.html"
                ],
                "netFrameworkVersion": "v4.0",
                "phpVersion": "5.6",
                "requestTracingEnabled": false,
                "remoteDebuggingEnabled": false,
                "remoteDebuggingVersion": "VS2019",
                "httpLoggingEnabled": false,
                "logsDirectorySizeLimit": 35,
                "detailedErrorLoggingEnabled": false,
                "publishingUsername": "$UoKGPVortexWebAPI",
                "scmType": "VSTSRM",
                "use32BitWorkerProcess": true,
                "webSocketsEnabled": false,
                "alwaysOn": false,
                "managedPipelineMode": "Integrated",
                "virtualApplications": [
                    {
                        "virtualPath": "/",
                        "physicalPath": "site\\wwwroot",
                        "preloadEnabled": false
                    }
                ],
                "loadBalancing": "LeastRequests",
                "experiments": {
                    "rampUpRules": []
                },
                "autoHealEnabled": false,
                "cors": {
                    "allowedOrigins": [
                        "*"
                    ],
                    "supportCredentials": false
                },
                "localMySqlEnabled": false,
                "ipSecurityRestrictions": [
                    {
                        "ipAddress": "Any",
                        "action": "Allow",
                        "priority": 1,
                        "name": "Allow all",
                        "description": "Allow all access"
                    }
                ],
                "scmIpSecurityRestrictions": [
                    {
                        "ipAddress": "Any",
                        "action": "Allow",
                        "priority": 1,
                        "name": "Allow all",
                        "description": "Allow all access"
                    }
                ],
                "scmIpSecurityRestrictionsUseMain": false,
                "http20Enabled": false,
                "minTlsVersion": "1.2",
                "ftpsState": "AllAllowed",
                "reservedInstanceCount": 0
            }
        },
        {
            "type": "Microsoft.Web/sites/deployments",
            "apiVersion": "2018-11-01",
            "name": "[concat(parameters('sites_UoKGPVortexWebAPI_name'), '/31255c21660345f79cda0ef7ebd1ec17')]",
            "location": "UK South",
            "dependsOn": [
                "[resourceId('Microsoft.Web/sites', parameters('sites_UoKGPVortexWebAPI_name'))]"
            ],
            "properties": {
                "status": 4,
                "author_email": "N/A",
                "author": "N/A",
                "deployer": "VSTS",
                "message": "{\"type\":\"deployment\",\"commitId\":\"75a91166eed28c842756d9436424c937f05b72ab\",\"buildId\":\"110\",\"releaseId\":\"93\",\"buildNumber\":\"20200409.4\",\"releaseName\":\"Release-8\",\"repoProvider\":\"TfsGit\",\"repoName\":\"APIGroupProject\",\"collectionUrl\":\"https://dev.azure.com/UoKGroupProject/\",\"teamProject\":\"519d1276-32de-419d-b235-deecf70d2a8c\",\"buildProjectUrl\":\"https://dev.azure.com/UoKGroupProject/519d1276-32de-419d-b235-deecf70d2a8c\",\"repositoryUrl\":\"\",\"branch\":\"master\",\"teamProjectName\":\"Group Project\",\"slotName\":\"production\"}",
                "start_time": "2020-04-09T22:23:52.9743568Z",
                "end_time": "2020-04-09T22:23:53.2243481Z",
                "active": true
            }
        },
        {
            "type": "Microsoft.Web/sites/deployments",
            "apiVersion": "2018-11-01",
            "name": "[concat(parameters('sites_UoKGPVortexWebAPI_name'), '/341adb4527324f25bd2e146b34206abc')]",
            "location": "UK South",
            "dependsOn": [
                "[resourceId('Microsoft.Web/sites', parameters('sites_UoKGPVortexWebAPI_name'))]"
            ],
            "properties": {
                "status": 4,
                "author_email": "N/A",
                "author": "N/A",
                "deployer": "VSTS",
                "message": "{\"type\":\"deployment\",\"commitId\":\"05659bf9d7f751badaef147b5744767162a3863a\",\"buildId\":\"109\",\"releaseId\":\"92\",\"buildNumber\":\"20200409.3\",\"releaseName\":\"Release-7\",\"repoProvider\":\"TfsGit\",\"repoName\":\"APIGroupProject\",\"collectionUrl\":\"https://dev.azure.com/UoKGroupProject/\",\"teamProject\":\"519d1276-32de-419d-b235-deecf70d2a8c\",\"buildProjectUrl\":\"https://dev.azure.com/UoKGroupProject/519d1276-32de-419d-b235-deecf70d2a8c\",\"repositoryUrl\":\"\",\"branch\":\"master\",\"teamProjectName\":\"Group Project\",\"slotName\":\"production\"}",
                "start_time": "2020-04-09T12:58:13.34588Z",
                "end_time": "2020-04-09T12:58:13.7208489Z",
                "active": false
            }
        },
        {
            "type": "Microsoft.Web/sites/deployments",
            "apiVersion": "2018-11-01",
            "name": "[concat(parameters('sites_UoKGPVortexWebAPI_name'), '/48f584ba5ef64b48b256efbcf3173144')]",
            "location": "UK South",
            "dependsOn": [
                "[resourceId('Microsoft.Web/sites', parameters('sites_UoKGPVortexWebAPI_name'))]"
            ],
            "properties": {
                "status": 4,
                "author_email": "N/A",
                "author": "N/A",
                "deployer": "VSTS",
                "message": "{\"type\":\"deployment\",\"commitId\":\"f1fdb462de9b0688b3eb1927f6cde26a0129b1df\",\"buildId\":\"108\",\"releaseId\":\"91\",\"buildNumber\":\"20200409.2\",\"releaseName\":\"Release-6\",\"repoProvider\":\"TfsGit\",\"repoName\":\"APIGroupProject\",\"collectionUrl\":\"https://dev.azure.com/UoKGroupProject/\",\"teamProject\":\"519d1276-32de-419d-b235-deecf70d2a8c\",\"buildProjectUrl\":\"https://dev.azure.com/UoKGroupProject/519d1276-32de-419d-b235-deecf70d2a8c\",\"repositoryUrl\":\"\",\"branch\":\"master\",\"teamProjectName\":\"Group Project\",\"slotName\":\"production\"}",
                "start_time": "2020-04-09T11:48:48.0345671Z",
                "end_time": "2020-04-09T11:48:48.3470701Z",
                "active": false
            }
        },
        {
            "type": "Microsoft.Web/sites/deployments",
            "apiVersion": "2018-11-01",
            "name": "[concat(parameters('sites_UoKGPVortexWebAPI_name'), '/65811134ecc94a97b2babc2688dad8c0')]",
            "location": "UK South",
            "dependsOn": [
                "[resourceId('Microsoft.Web/sites', parameters('sites_UoKGPVortexWebAPI_name'))]"
            ],
            "properties": {
                "status": 4,
                "author_email": "N/A",
                "author": "N/A",
                "deployer": "VSTS",
                "message": "{\"type\":\"deployment\",\"commitId\":\"02cfc4aa4422f15254e41517b79c7aec70ac571d\",\"buildId\":\"103\",\"releaseId\":\"86\",\"buildNumber\":\"20200405.1\",\"releaseName\":\"Release-1\",\"repoProvider\":\"TfsGit\",\"repoName\":\"APIGroupProject\",\"collectionUrl\":\"https://dev.azure.com/UoKGroupProject/\",\"teamProject\":\"519d1276-32de-419d-b235-deecf70d2a8c\",\"buildProjectUrl\":\"https://dev.azure.com/UoKGroupProject/519d1276-32de-419d-b235-deecf70d2a8c\",\"repositoryUrl\":\"\",\"branch\":\"master\",\"teamProjectName\":\"Group Project\",\"slotName\":\"production\"}",
                "start_time": "2020-04-07T12:02:59.2877861Z",
                "end_time": "2020-04-07T12:02:59.5378284Z",
                "active": false
            }
        },
        {
            "type": "Microsoft.Web/sites/deployments",
            "apiVersion": "2018-11-01",
            "name": "[concat(parameters('sites_UoKGPVortexWebAPI_name'), '/851586260653243')]",
            "location": "UK South",
            "dependsOn": [
                "[resourceId('Microsoft.Web/sites', parameters('sites_UoKGPVortexWebAPI_name'))]"
            ],
            "properties": {
                "status": 3,
                "author": "X Y",
                "deployer": "VSTS",
                "message": "{\"type\":\"Deployment\",\"commitId\":\"02cfc4aa4422f15254e41517b79c7aec70ac571d\",\"buildId\":\"103\",\"releaseId\":\"85\",\"buildNumber\":\"20200405.1\",\"releaseName\":\"Release-65\",\"repoProvider\":\"TfsGit\",\"repoName\":\"APIGroupProject\",\"collectionUrl\":\"https://dev.azure.com/UoKGroupProject/\",\"teamProject\":\"519d1276-32de-419d-b235-deecf70d2a8c\",\"slotName\":\"production\"}",
                "start_time": "2020-04-07T11:57:33.8209122Z",
                "end_time": "2020-04-07T11:57:33.8209122Z",
                "active": false
            }
        },
        {
            "type": "Microsoft.Web/sites/deployments",
            "apiVersion": "2018-11-01",
            "name": "[concat(parameters('sites_UoKGPVortexWebAPI_name'), '/88a0a25fcbf1483ea6fcc2eae6515d50')]",
            "location": "UK South",
            "dependsOn": [
                "[resourceId('Microsoft.Web/sites', parameters('sites_UoKGPVortexWebAPI_name'))]"
            ],
            "properties": {
                "status": 4,
                "author_email": "N/A",
                "author": "N/A",
                "deployer": "VSTS",
                "message": "{\"type\":\"deployment\",\"commitId\":\"ac709b2af7ea59d760e0e0cb6ac856ddbe364788\",\"buildId\":\"106\",\"releaseId\":\"89\",\"buildNumber\":\"20200408.3\",\"releaseName\":\"Release-4\",\"repoProvider\":\"TfsGit\",\"repoName\":\"APIGroupProject\",\"collectionUrl\":\"https://dev.azure.com/UoKGroupProject/\",\"teamProject\":\"519d1276-32de-419d-b235-deecf70d2a8c\",\"buildProjectUrl\":\"https://dev.azure.com/UoKGroupProject/519d1276-32de-419d-b235-deecf70d2a8c\",\"repositoryUrl\":\"\",\"branch\":\"master\",\"teamProjectName\":\"Group Project\",\"slotName\":\"production\"}",
                "start_time": "2020-04-08T22:28:24.4287695Z",
                "end_time": "2020-04-08T22:28:24.7412414Z",
                "active": false
            }
        },
        {
            "type": "Microsoft.Web/sites/deployments",
            "apiVersion": "2018-11-01",
            "name": "[concat(parameters('sites_UoKGPVortexWebAPI_name'), '/b8df9ec59b6c443db514b1e68b06c1a3')]",
            "location": "UK South",
            "dependsOn": [
                "[resourceId('Microsoft.Web/sites', parameters('sites_UoKGPVortexWebAPI_name'))]"
            ],
            "properties": {
                "status": 4,
                "author_email": "N/A",
                "author": "N/A",
                "deployer": "VSTS",
                "message": "{\"type\":\"deployment\",\"commitId\":\"45c25460928d3cbb82c5614007c3de4e320d1703\",\"buildId\":\"107\",\"releaseId\":\"90\",\"buildNumber\":\"20200409.1\",\"releaseName\":\"Release-5\",\"repoProvider\":\"TfsGit\",\"repoName\":\"APIGroupProject\",\"collectionUrl\":\"https://dev.azure.com/UoKGroupProject/\",\"teamProject\":\"519d1276-32de-419d-b235-deecf70d2a8c\",\"buildProjectUrl\":\"https://dev.azure.com/UoKGroupProject/519d1276-32de-419d-b235-deecf70d2a8c\",\"repositoryUrl\":\"\",\"branch\":\"master\",\"teamProjectName\":\"Group Project\",\"slotName\":\"production\"}",
                "start_time": "2020-04-09T10:31:34.5565069Z",
                "end_time": "2020-04-09T10:31:34.8226886Z",
                "active": false
            }
        },
        {
            "type": "Microsoft.Web/sites/deployments",
            "apiVersion": "2018-11-01",
            "name": "[concat(parameters('sites_UoKGPVortexWebAPI_name'), '/ba90458a2c164a6abaf6cabb4bfa20d8')]",
            "location": "UK South",
            "dependsOn": [
                "[resourceId('Microsoft.Web/sites', parameters('sites_UoKGPVortexWebAPI_name'))]"
            ],
            "properties": {
                "status": 4,
                "author_email": "N/A",
                "author": "N/A",
                "deployer": "VSTS",
                "message": "{\"type\":\"deployment\",\"commitId\":\"f8886faacc7196672fae1f599be5ef43cf6c9754\",\"buildId\":\"104\",\"releaseId\":\"87\",\"buildNumber\":\"20200408.1\",\"releaseName\":\"Release-2\",\"repoProvider\":\"TfsGit\",\"repoName\":\"APIGroupProject\",\"collectionUrl\":\"https://dev.azure.com/UoKGroupProject/\",\"teamProject\":\"519d1276-32de-419d-b235-deecf70d2a8c\",\"buildProjectUrl\":\"https://dev.azure.com/UoKGroupProject/519d1276-32de-419d-b235-deecf70d2a8c\",\"repositoryUrl\":\"\",\"branch\":\"master\",\"teamProjectName\":\"Group Project\",\"slotName\":\"production\"}",
                "start_time": "2020-04-08T03:08:43.1533694Z",
                "end_time": "2020-04-08T03:08:43.4361926Z",
                "active": false
            }
        },
        {
            "type": "Microsoft.Web/sites/deployments",
            "apiVersion": "2018-11-01",
            "name": "[concat(parameters('sites_UoKGPVortexWebAPI_name'), '/d593fc89e156402d94cb1d34f8d08b4b')]",
            "location": "UK South",
            "dependsOn": [
                "[resourceId('Microsoft.Web/sites', parameters('sites_UoKGPVortexWebAPI_name'))]"
            ],
            "properties": {
                "status": 4,
                "author_email": "N/A",
                "author": "N/A",
                "deployer": "VSTS",
                "message": "{\"type\":\"deployment\",\"commitId\":\"6a09ffa74ea855c366a7d65f32f204bc4c0e55c0\",\"buildId\":\"105\",\"releaseId\":\"88\",\"buildNumber\":\"20200408.2\",\"releaseName\":\"Release-3\",\"repoProvider\":\"TfsGit\",\"repoName\":\"APIGroupProject\",\"collectionUrl\":\"https://dev.azure.com/UoKGroupProject/\",\"teamProject\":\"519d1276-32de-419d-b235-deecf70d2a8c\",\"buildProjectUrl\":\"https://dev.azure.com/UoKGroupProject/519d1276-32de-419d-b235-deecf70d2a8c\",\"repositoryUrl\":\"\",\"branch\":\"master\",\"teamProjectName\":\"Group Project\",\"slotName\":\"production\"}",
                "start_time": "2020-04-08T13:26:33.4209511Z",
                "end_time": "2020-04-08T13:26:33.6552464Z",
                "active": false
            }
        },
        {
            "type": "Microsoft.Web/sites/hostNameBindings",
            "apiVersion": "2018-11-01",
            "name": "[concat(parameters('sites_UoKGPVortexWebAPI_name'), '/', parameters('sites_UoKGPVortexWebAPI_name'), '.azurewebsites.net')]",
            "location": "UK South",
            "dependsOn": [
                "[resourceId('Microsoft.Web/sites', parameters('sites_UoKGPVortexWebAPI_name'))]"
            ],
            "properties": {
                "siteName": "UoKGPVortexWebAPI",
                "hostNameType": "Verified"
            }
        }
    ]
}