{
    "$schema": "https://schema.management.azure.com/schemas/2015-01-01/deploymentParameters.json#",
    "contentVersion": "1.0.0.0",
    "parameters": {
        "sites_UoKGPWebAPI_name": {
            "value": null
        },
        "connections_azuretables_name": {
            "value": null
        },
        "sites_UoKGPSocialmediaApp_name": {
            "value": null
        },
        "storageAccounts_sauokgp_name": {
            "value": null
        },
        "sites_UoKGPLiveHistoricalApp_name": {
            "value": null
        },
        "virtualNetworks_VirtualNetwork_name": {
            "value": null
        },
        "serverfarms_UoKGPAppServicePlanLinux_name": {
            "value": null
        },
        "workflows_bitcoin_cryptocompare_api_data_name": {
            "value": null
        },
        "storageAccounts_storageaccountgroupb081_name": {
            "value": null
        },
        "dashboards_7132a329_92ad_4007_a5c2_9124682cf19c_name": {
            "value": null
        },
        "actionGroups_Application_Insights_Smart_Detection_name": {
            "value": null
        },
        "smartdetectoralertrules_failure_anomalies___userpositions_name": {
            "value": null
        },
        "smartdetectoralertrules_failure_anomalies___uokgptwitterapp_name": {
            "value": null
        },
        "smartdetectoralertrules_failure_anomalies___uokgptwitterapp202002061317_name": {
            "value": null
        },
        "components_uokgptwitterapp_externalid": {
            "value": null
        },
        "actiongroups_application_20insights_20smart_20detection_externalid": {
            "value": null
        },
        "components_uokgptwitterapp202002061317_externalid": {
            "value": null
        },
        "components_userpositions_externalid": {
            "value": null
        },
        "sites_UoKGPFunctionApp_externalid": {
            "value": null
        },
        "workflows_testlogicapp_externalid": {
            "value": null
        }
    }
}