{
    "$schema": "https://schema.management.azure.com/schemas/2015-01-01/deploymentTemplate.json#",
    "contentVersion": "1.0.0.0",
    "parameters": {
        "sites_UoKGPWebAPI_name": {
            "defaultValue": "UoKGPWebAPI",
            "type": "String"
        },
        "connections_azuretables_name": {
            "defaultValue": "azuretables",
            "type": "String"
        },
        "sites_UoKGPSocialmediaApp_name": {
            "defaultValue": "UoKGPSocialmediaApp",
            "type": "String"
        },
        "storageAccounts_sauokgp_name": {
            "defaultValue": "sauokgp",
            "type": "String"
        },
        "sites_UoKGPLiveHistoricalApp_name": {
            "defaultValue": "UoKGPLiveHistoricalApp",
            "type": "String"
        },
        "virtualNetworks_VirtualNetwork_name": {
            "defaultValue": "VirtualNetwork",
            "type": "String"
        },
        "serverfarms_UoKGPAppServicePlanLinux_name": {
            "defaultValue": "UoKGPAppServicePlanLinux",
            "type": "String"
        },
        "workflows_bitcoin_cryptocompare_api_data_name": {
            "defaultValue": "bitcoin_cryptocompare_api_data",
            "type": "String"
        },
        "storageAccounts_storageaccountgroupb081_name": {
            "defaultValue": "storageaccountgroupb081",
            "type": "String"
        },
        "dashboards_7132a329_92ad_4007_a5c2_9124682cf19c_name": {
            "defaultValue": "7132a329-92ad-4007-a5c2-9124682cf19c",
            "type": "String"
        },
        "actionGroups_Application_Insights_Smart_Detection_name": {
            "defaultValue": "Application Insights Smart Detection",
            "type": "String"
        },
        "smartdetectoralertrules_failure_anomalies___userpositions_name": {
            "defaultValue": "failure anomalies - userpositions",
            "type": "String"
        },
        "smartdetectoralertrules_failure_anomalies___uokgptwitterapp_name": {
            "defaultValue": "failure anomalies - uokgptwitterapp",
            "type": "String"
        },
        "smartdetectoralertrules_failure_anomalies___uokgptwitterapp202002061317_name": {
            "defaultValue": "failure anomalies - uokgptwitterapp202002061317",
            "type": "String"
        },
        "components_uokgptwitterapp_externalid": {
            "defaultValue": "/subscriptions/6f31ba8c-3338-4119-8330-abd10ed44432/resourceGroups/groupproject/providers/microsoft.insights/components/uokgptwitterapp",
            "type": "String"
        },
        "actiongroups_application_20insights_20smart_20detection_externalid": {
            "defaultValue": "/subscriptions/6f31ba8c-3338-4119-8330-abd10ed44432/resourceGroups/groupproject/providers/microsoft.insights/actiongroups/application%20insights%20smart%20detection",
            "type": "String"
        },
        "components_uokgptwitterapp202002061317_externalid": {
            "defaultValue": "/subscriptions/6f31ba8c-3338-4119-8330-abd10ed44432/resourceGroups/groupproject/providers/microsoft.insights/components/uokgptwitterapp202002061317",
            "type": "String"
        },
        "components_userpositions_externalid": {
            "defaultValue": "/subscriptions/6f31ba8c-3338-4119-8330-abd10ed44432/resourceGroups/groupproject/providers/microsoft.insights/components/userpositions",
            "type": "String"
        },
        "sites_UoKGPFunctionApp_externalid": {
            "defaultValue": "/subscriptions/6f31ba8c-3338-4119-8330-abd10ed44432/resourceGroups/GroupProject/providers/Microsoft.Web/sites/UoKGPFunctionApp",
            "type": "String"
        },
        "workflows_testlogicapp_externalid": {
            "defaultValue": "/subscriptions/6f31ba8c-3338-4119-8330-abd10ed44432/resourceGroups/GroupProject/providers/Microsoft.Logic/workflows/testlogicapp",
            "type": "String"
        }
    },
    "variables": {},
    "resources": [
        {
            "type": "microsoft.alertsmanagement/smartdetectoralertrules",
            "apiVersion": "2019-06-01",
            "name": "[parameters('smartdetectoralertrules_failure_anomalies___uokgptwitterapp_name')]",
            "location": "global",
            "properties": {
                "description": "Failure Anomalies notifies you of an unusual rise in the rate of failed HTTP requests or dependency calls.",
                "state": "Enabled",
                "severity": "Sev3",
                "frequency": "PT1M",
                "detector": {
                    "id": "FailureAnomaliesDetector",
                    "name": "Failure Anomalies",
                    "description": "Detects if your application experiences an abnormal rise in the rate of HTTP requests or dependency calls that are reported as failed. The anomaly detection uses machine learning algorithms and occurs in near real time, therefore there's no need to define a frequency for this signal.<br/></br/>To help you triage and diagnose the problem, an analysis of the characteristics of the failures and related telemetry is provided with the detection. This feature works for any app, hosted in the cloud or on your own servers, that generates request or dependency telemetry - for example, if you have a worker role that calls <a class=\"ext-smartDetecor-link\" href=\\\"https://docs.microsoft.com/azure/application-insights/app-insights-api-custom-events-metrics#trackrequest\\\" target=\\\"_blank\\\">TrackRequest()</a> or <a class=\"ext-smartDetecor-link\" href=\\\"https://docs.microsoft.com/azure/application-insights/app-insights-api-custom-events-metrics#trackdependency\\\" target=\\\"_blank\\\">TrackDependency()</a>.<br/><br/><a class=\"ext-smartDetecor-link\" href=\\\"https://docs.microsoft.com/azure/azure-monitor/app/proactive-failure-diagnostics\\\" target=\\\"_blank\\\">Learn more about Failure Anomalies</a>",
                    "supportedResourceTypes": [
                        "ApplicationInsights"
                    ]
                },
                "scope": [
                    "[parameters('components_uokgptwitterapp_externalid')]"
                ],
                "actionGroups": {
                    "groupIds": [
                        "[parameters('actiongroups_application_20insights_20smart_20detection_externalid')]"
                    ]
                }
            }
        },
        {
            "type": "microsoft.alertsmanagement/smartdetectoralertrules",
            "apiVersion": "2019-06-01",
            "name": "[parameters('smartdetectoralertrules_failure_anomalies___uokgptwitterapp202002061317_name')]",
            "location": "global",
            "properties": {
                "description": "Failure Anomalies notifies you of an unusual rise in the rate of failed HTTP requests or dependency calls.",
                "state": "Enabled",
                "severity": "Sev3",
                "frequency": "PT1M",
                "detector": {
                    "id": "FailureAnomaliesDetector",
                    "name": "Failure Anomalies",
                    "description": "Detects if your application experiences an abnormal rise in the rate of HTTP requests or dependency calls that are reported as failed. The anomaly detection uses machine learning algorithms and occurs in near real time, therefore there's no need to define a frequency for this signal.<br/></br/>To help you triage and diagnose the problem, an analysis of the characteristics of the failures and related telemetry is provided with the detection. This feature works for any app, hosted in the cloud or on your own servers, that generates request or dependency telemetry - for example, if you have a worker role that calls <a class=\"ext-smartDetecor-link\" href=\\\"https://docs.microsoft.com/azure/application-insights/app-insights-api-custom-events-metrics#trackrequest\\\" target=\\\"_blank\\\">TrackRequest()</a> or <a class=\"ext-smartDetecor-link\" href=\\\"https://docs.microsoft.com/azure/application-insights/app-insights-api-custom-events-metrics#trackdependency\\\" target=\\\"_blank\\\">TrackDependency()</a>.<br/><br/><a class=\"ext-smartDetecor-link\" href=\\\"https://docs.microsoft.com/azure/azure-monitor/app/proactive-failure-diagnostics\\\" target=\\\"_blank\\\">Learn more about Failure Anomalies</a>",
                    "supportedResourceTypes": [
                        "ApplicationInsights"
                    ]
                },
                "scope": [
                    "[parameters('components_uokgptwitterapp202002061317_externalid')]"
                ],
                "actionGroups": {
                    "groupIds": [
                        "[parameters('actiongroups_application_20insights_20smart_20detection_externalid')]"
                    ]
                }
            }
        },
        {
            "type": "microsoft.alertsmanagement/smartdetectoralertrules",
            "apiVersion": "2019-06-01",
            "name": "[parameters('smartdetectoralertrules_failure_anomalies___userpositions_name')]",
            "location": "global",
            "properties": {
                "description": "Failure Anomalies notifies you of an unusual rise in the rate of failed HTTP requests or dependency calls.",
                "state": "Enabled",
                "severity": "Sev3",
                "frequency": "PT1M",
                "detector": {
                    "id": "FailureAnomaliesDetector",
                    "name": "Failure Anomalies",
                    "description": "Detects if your application experiences an abnormal rise in the rate of HTTP requests or dependency calls that are reported as failed. The anomaly detection uses machine learning algorithms and occurs in near real time, therefore there's no need to define a frequency for this signal.<br/></br/>To help you triage and diagnose the problem, an analysis of the characteristics of the failures and related telemetry is provided with the detection. This feature works for any app, hosted in the cloud or on your own servers, that generates request or dependency telemetry - for example, if you have a worker role that calls <a class=\"ext-smartDetecor-link\" href=\\\"https://docs.microsoft.com/azure/application-insights/app-insights-api-custom-events-metrics#trackrequest\\\" target=\\\"_blank\\\">TrackRequest()</a> or <a class=\"ext-smartDetecor-link\" href=\\\"https://docs.microsoft.com/azure/application-insights/app-insights-api-custom-events-metrics#trackdependency\\\" target=\\\"_blank\\\">TrackDependency()</a>.<br/><br/><a class=\"ext-smartDetecor-link\" href=\\\"https://docs.microsoft.com/azure/azure-monitor/app/proactive-failure-diagnostics\\\" target=\\\"_blank\\\">Learn more about Failure Anomalies</a>",
                    "supportedResourceTypes": [
                        "ApplicationInsights"
                    ]
                },
                "scope": [
                    "[parameters('components_userpositions_externalid')]"
                ],
                "actionGroups": {
                    "groupIds": [
                        "[parameters('actiongroups_application_20insights_20smart_20detection_externalid')]"
                    ]
                }
            }
        },
        {
            "type": "microsoft.insights/actionGroups",
            "apiVersion": "2019-03-01",
            "name": "[parameters('actionGroups_Application_Insights_Smart_Detection_name')]",
            "location": "Global",
            "properties": {
                "groupShortName": "SmartDetect",
                "enabled": true,
                "emailReceivers": [],
                "smsReceivers": [],
                "webhookReceivers": [],
                "itsmReceivers": [],
                "azureAppPushReceivers": [],
                "automationRunbookReceivers": [],
                "voiceReceivers": [],
                "logicAppReceivers": [],
                "azureFunctionReceivers": []
            }
        },
        {
            "type": "Microsoft.Logic/workflows",
            "apiVersion": "2017-07-01",
            "name": "[parameters('workflows_bitcoin_cryptocompare_api_data_name')]",
            "location": "uksouth",
            "properties": {
                "state": "Disabled",
                "definition": {
                    "$schema": "https://schema.management.azure.com/providers/Microsoft.Logic/schemas/2016-06-01/workflowdefinition.json#",
                    "contentVersion": "1.0.0.0",
                    "parameters": {},
                    "triggers": {
                        "Recurrence": {
                            "recurrence": {
                                "frequency": "Minute",
                                "interval": 2,
                                "startTime": "2019-12-01T12:00:00",
                                "timeZone": "GMT Standard Time"
                            },
                            "type": "Recurrence"
                        }
                    },
                    "actions": {
                        "HTTP": {
                            "runAfter": {},
                            "type": "Http",
                            "inputs": {
                                "method": "GET",
                                "uri": "https://min-api.cryptocompare.com/data/v2/histominute?fsym=BTC&tsym=GBP&limit=10&api_key={cb2d49b598be23432f235ed0c6fe7d96ee2c6d7e2b6459bb6077cbfa21f0b403}"
                            }
                        },
                        "HttpTrigger1": {
                            "runAfter": {
                                "HTTP": [
                                    "Succeeded"
                                ]
                            },
                            "type": "Function",
                            "inputs": {
                                "body": "@body('HTTP')",
                                "function": {
                                    "id": "[concat(parameters('sites_UoKGPFunctionApp_externalid'), '/functions/HttpTrigger1')]"
                                }
                            }
                        }
                    },
                    "outputs": {}
                },
                "parameters": {}
            }
        },
        {
            "type": "Microsoft.Network/virtualNetworks",
            "apiVersion": "2019-11-01",
            "name": "[parameters('virtualNetworks_VirtualNetwork_name')]",
            "location": "uksouth",
            "properties": {
                "addressSpace": {
                    "addressPrefixes": [
                        "10.0.0.0/16"
                    ]
                },
                "subnets": [
                    {
                        "name": "default",
                        "properties": {
                            "addressPrefix": "10.0.0.0/24",
                            "serviceEndpoints": [
                                {
                                    "service": "Microsoft.Storage",
                                    "locations": [
                                        "uksouth",
                                        "ukwest"
                                    ]
                                }
                            ],
                            "delegations": [],
                            "privateEndpointNetworkPolicies": "Enabled",
                            "privateLinkServiceNetworkPolicies": "Enabled"
                        }
                    }
                ],
                "virtualNetworkPeerings": [],
                "enableDdosProtection": false,
                "enableVmProtection": false
            }
        },
        {
            "type": "Microsoft.Portal/dashboards",
            "apiVersion": "2019-01-01-preview",
            "name": "[parameters('dashboards_7132a329_92ad_4007_a5c2_9124682cf19c_name')]",
            "location": "uksouth",
            "tags": {
                "hidden-title": "Group Project Dashboard"
            },
            "properties": {
                "lenses": {
                    "0": {
                        "order": 0,
                        "parts": {
                            "0": {
                                "position": {
                                    "x": 0,
                                    "y": 0,
                                    "rowSpan": 2,
                                    "colSpan": 2
                                },
                                "metadata": {
                                    "inputs": [],
                                    "type": "Extension/HubsExtension/PartType/ClockPart",
                                    "settings": {}
                                }
                            },
                            "1": {
                                "position": {
                                    "x": 2,
                                    "y": 0,
                                    "rowSpan": 4,
                                    "colSpan": 6
                                },
                                "metadata": {
                                    "inputs": [
                                        {
                                            "name": "options",
                                            "isOptional": true
                                        },
                                        {
                                            "name": "sharedTimeRange",
                                            "isOptional": true
                                        }
                                    ],
                                    "type": "Extension/HubsExtension/PartType/MonitorChartPart",
                                    "settings": {}
                                }
                            },
                            "2": {
                                "position": {
                                    "x": 8,
                                    "y": 0,
                                    "rowSpan": 4,
                                    "colSpan": 6
                                },
                                "metadata": {
                                    "inputs": [
                                        {
                                            "name": "options",
                                            "isOptional": true
                                        },
                                        {
                                            "name": "sharedTimeRange",
                                            "isOptional": true
                                        }
                                    ],
                                    "type": "Extension/HubsExtension/PartType/MonitorChartPart",
                                    "settings": {}
                                }
                            },
                            "3": {
                                "position": {
                                    "x": 0,
                                    "y": 2,
                                    "rowSpan": 2,
                                    "colSpan": 2
                                },
                                "metadata": {
                                    "inputs": [
                                        {
                                            "name": "resourceType",
                                            "value": "Microsoft.Resources/resources",
                                            "isOptional": true
                                        },
                                        {
                                            "name": "filter",
                                            "isOptional": true
                                        },
                                        {
                                            "name": "scope",
                                            "isOptional": true
                                        },
                                        {
                                            "name": "kind",
                                            "isOptional": true
                                        }
                                    ],
                                    "type": "Extension/HubsExtension/PartType/BrowseAllResourcesPinnedPart"
                                }
                            },
                            "4": {
                                "position": {
                                    "x": 0,
                                    "y": 4,
                                    "rowSpan": 2,
                                    "colSpan": 2
                                },
                                "metadata": {
                                    "inputs": [],
                                    "type": "Extension/Microsoft_AAD_IAM/PartType/ActiveDirectoryQuickTasksPart"
                                }
                            },
                            "5": {
                                "position": {
                                    "x": 2,
                                    "y": 4,
                                    "rowSpan": 4,
                                    "colSpan": 6
                                },
                                "metadata": {
                                    "inputs": [
                                        {
                                            "name": "id",
                                            "value": "[parameters('workflows_testlogicapp_externalid')]"
                                        }
                                    ],
                                    "type": "Extension/Microsoft_Azure_EMA/PartType/WorkflowAllRunsCollectionPart",
                                    "asset": {}
                                }
                            },
                            "6": {
                                "position": {
                                    "x": 8,
                                    "y": 4,
                                    "rowSpan": 4,
                                    "colSpan": 6
                                },
                                "metadata": {
                                    "inputs": [
                                        {
                                            "name": "options",
                                            "isOptional": true
                                        },
                                        {
                                            "name": "sharedTimeRange",
                                            "isOptional": true
                                        }
                                    ],
                                    "type": "Extension/HubsExtension/PartType/MonitorChartPart",
                                    "settings": {}
                                }
                            },
                            "7": {
                                "position": {
                                    "x": 0,
                                    "y": 6,
                                    "rowSpan": 2,
                                    "colSpan": 2
                                },
                                "metadata": {
                                    "inputs": [
                                        {
                                            "name": "name",
                                            "value": "Application map"
                                        },
                                        {
                                            "name": "assetType",
                                            "value": "ApplicationInsights"
                                        },
                                        {
                                            "name": "assetExtension",
                                            "value": "AppInsightsExtension"
                                        },
                                        {
                                            "name": "description",
                                            "isOptional": true
                                        },
                                        {
                                            "name": "icon",
                                            "value": {
                                                "type": 1,
                                                "data": "<svg viewBox='0 0 50 50' class='msportalfx-svg-placeholder' role='presentation' focusable='false' xmlns:svg='http://www.w3.org/2000/svg' xmlns:xlink='http://www.w3.org/1999/xlink'><g><title></title><title>Application_map</title><path fill='#b3b4b5' d='M11.7 44.4l-1.9-3.1L36 25 9.8 8.7l1.9-3.1L42.8 25z'/><path fill='#fdb813' d='M28.7 17.9h21.5v14.3H28.7z'/><path fill='#1ba1e2' d='M0 0h21.5v14.3H0zm0 35.7h21.5V50H0z'/><path d='M0 0h21.5v3.6H0zm0 35.7h21.5v3.6H0z' class='msportalfx-svg-c19'/><path opacity='.15' d='M10.8 0h10.8v14.3H10.8zm0 35.7h10.8V50H10.8z' class='msportalfx-svg-c01'/><path d='M28.7 17.9h21.5v3.6H28.7z' class='msportalfx-svg-c10'/></g></svg>",
                                                "options": {
                                                    "isLogo": true
                                                }
                                            },
                                            "isOptional": true
                                        },
                                        {
                                            "name": "mutatedPartType",
                                            "value": "AppMapGalPt"
                                        }
                                    ],
                                    "type": "Extension/HubsExtension/PartType/UnboundPart"
                                }
                            }
                        }
                    }
                },
                "metadata": {
                    "model": {}
                }
            }
        },
        {
            "type": "Microsoft.Storage/storageAccounts",
            "apiVersion": "2019-06-01",
            "name": "[parameters('storageAccounts_storageaccountgroupb081_name')]",
            "location": "centralus",
            "sku": {
                "name": "Standard_LRS",
                "tier": "Standard"
            },
            "kind": "Storage",
            "properties": {
                "networkAcls": {
                    "bypass": "AzureServices",
                    "virtualNetworkRules": [],
                    "ipRules": [],
                    "defaultAction": "Allow"
                },
                "supportsHttpsTrafficOnly": true,
                "encryption": {
                    "services": {
                        "file": {
                            "keyType": "Account",
                            "enabled": true
                        },
                        "blob": {
                            "keyType": "Account",
                            "enabled": true
                        }
                    },
                    "keySource": "Microsoft.Storage"
                }
            }
        },
        {
            "type": "Microsoft.Web/connections",
            "apiVersion": "2016-06-01",
            "name": "[parameters('connections_azuretables_name')]",
            "location": "uksouth",
            "properties": {
                "displayName": "Time",
                "customParameterValues": {},
                "api": {
                    "id": "[concat('/subscriptions/6f31ba8c-3338-4119-8330-abd10ed44432/providers/Microsoft.Web/locations/uksouth/managedApis/', parameters('connections_azuretables_name'))]"
                }
            }
        },
        {
            "type": "Microsoft.Web/serverfarms",
            "apiVersion": "2018-02-01",
            "name": "[parameters('serverfarms_UoKGPAppServicePlanLinux_name')]",
            "location": "UK South",
            "sku": {
                "name": "F1",
                "tier": "Free",
                "size": "F1",
                "family": "F",
                "capacity": 1
            },
            "kind": "linux",
            "properties": {
                "perSiteScaling": false,
                "maximumElasticWorkerCount": 1,
                "isSpot": false,
                "reserved": true,
                "isXenon": false,
                "hyperV": false,
                "targetWorkerCount": 0,
                "targetWorkerSizeId": 0
            }
        },
        {
            "type": "Microsoft.Network/virtualNetworks/subnets",
            "apiVersion": "2019-11-01",
            "name": "[concat(parameters('virtualNetworks_VirtualNetwork_name'), '/default')]",
            "dependsOn": [
                "[resourceId('Microsoft.Network/virtualNetworks', parameters('virtualNetworks_VirtualNetwork_name'))]"
            ],
            "properties": {
                "addressPrefix": "10.0.0.0/24",
                "serviceEndpoints": [
                    {
                        "service": "Microsoft.Storage",
                        "locations": [
                            "uksouth",
                            "ukwest"
                        ]
                    }
                ],
                "delegations": [],
                "privateEndpointNetworkPolicies": "Enabled",
                "privateLinkServiceNetworkPolicies": "Enabled"
            }
        },
        {
            "type": "Microsoft.Storage/storageAccounts",
            "apiVersion": "2019-06-01",
            "name": "[parameters('storageAccounts_sauokgp_name')]",
            "location": "uksouth",
            "dependsOn": [
                "[resourceId('Microsoft.Network/virtualNetworks/subnets', parameters('virtualNetworks_VirtualNetwork_name'), 'default')]"
            ],
            "sku": {
                "name": "Standard_LRS",
                "tier": "Standard"
            },
            "kind": "StorageV2",
            "properties": {
                "networkAcls": {
                    "bypass": "AzureServices",
                    "virtualNetworkRules": [
                        {
                            "id": "[resourceId('Microsoft.Network/virtualNetworks/subnets', parameters('virtualNetworks_VirtualNetwork_name'), 'default')]",
                            "action": "Allow",
                            "state": "Succeeded"
                        }
                    ],
                    "ipRules": [
                        {
                            "value": "195.140.215.174",
                            "action": "Allow"
                        }
                    ],
                    "defaultAction": "Allow"
                },
                "supportsHttpsTrafficOnly": true,
                "encryption": {
                    "services": {
                        "file": {
                            "keyType": "Account",
                            "enabled": true
                        },
                        "blob": {
                            "keyType": "Account",
                            "enabled": true
                        }
                    },
                    "keySource": "Microsoft.Storage"
                },
                "accessTier": "Hot"
            }
        },
        {
            "type": "Microsoft.Storage/storageAccounts/blobServices",
            "apiVersion": "2019-06-01",
            "name": "[concat(parameters('storageAccounts_sauokgp_name'), '/default')]",
            "dependsOn": [
                "[resourceId('Microsoft.Storage/storageAccounts', parameters('storageAccounts_sauokgp_name'))]"
            ],
            "sku": {
                "name": "Standard_LRS",
                "tier": "Standard"
            },
            "properties": {
                "cors": {
                    "corsRules": []
                },
                "deleteRetentionPolicy": {
                    "enabled": false
                }
            }
        },
        {
            "type": "Microsoft.Storage/storageAccounts/blobServices",
            "apiVersion": "2019-06-01",
            "name": "[concat(parameters('storageAccounts_storageaccountgroupb081_name'), '/default')]",
            "dependsOn": [
                "[resourceId('Microsoft.Storage/storageAccounts', parameters('storageAccounts_storageaccountgroupb081_name'))]"
            ],
            "sku": {
                "name": "Standard_LRS",
                "tier": "Standard"
            },
            "properties": {
                "cors": {
                    "corsRules": []
                },
                "deleteRetentionPolicy": {
                    "enabled": false
                }
            }
        },
        {
            "type": "Microsoft.Storage/storageAccounts/fileServices",
            "apiVersion": "2019-06-01",
            "name": "[concat(parameters('storageAccounts_sauokgp_name'), '/default')]",
            "dependsOn": [
                "[resourceId('Microsoft.Storage/storageAccounts', parameters('storageAccounts_sauokgp_name'))]"
            ],
            "sku": {
                "name": "Standard_LRS",
                "tier": "Standard"
            },
            "properties": {
                "cors": {
                    "corsRules": []
                }
            }
        },
        {
            "type": "Microsoft.Storage/storageAccounts/fileServices",
            "apiVersion": "2019-06-01",
            "name": "[concat(parameters('storageAccounts_storageaccountgroupb081_name'), '/default')]",
            "dependsOn": [
                "[resourceId('Microsoft.Storage/storageAccounts', parameters('storageAccounts_storageaccountgroupb081_name'))]"
            ],
            "sku": {
                "name": "Standard_LRS",
                "tier": "Standard"
            },
            "properties": {
                "cors": {
                    "corsRules": []
                }
            }
        },
        {
            "type": "Microsoft.Web/sites",
            "apiVersion": "2018-11-01",
            "name": "[parameters('sites_UoKGPLiveHistoricalApp_name')]",
            "location": "UK South",
            "dependsOn": [
                "[resourceId('Microsoft.Web/serverfarms', parameters('serverfarms_UoKGPAppServicePlanLinux_name'))]"
            ],
            "kind": "functionapp,linux",
            "properties": {
                "enabled": true,
                "hostNameSslStates": [
                    {
                        "name": "uokgplivehistoricalapp.azurewebsites.net",
                        "sslState": "Disabled",
                        "hostType": "Standard"
                    },
                    {
                        "name": "uokgplivehistoricalapp.scm.azurewebsites.net",
                        "sslState": "Disabled",
                        "hostType": "Repository"
                    }
                ],
                "serverFarmId": "[resourceId('Microsoft.Web/serverfarms', parameters('serverfarms_UoKGPAppServicePlanLinux_name'))]",
                "reserved": true,
                "isXenon": false,
                "hyperV": false,
                "scmSiteAlsoStopped": false,
                "clientAffinityEnabled": false,
                "clientCertEnabled": false,
                "hostNamesDisabled": false,
                "containerSize": 1536,
                "dailyMemoryTimeQuota": 0,
                "httpsOnly": false,
                "redundancyMode": "None"
            }
        },
        {
            "type": "Microsoft.Web/sites",
            "apiVersion": "2018-11-01",
            "name": "[parameters('sites_UoKGPSocialmediaApp_name')]",
            "location": "UK South",
            "dependsOn": [
                "[resourceId('Microsoft.Web/serverfarms', parameters('serverfarms_UoKGPAppServicePlanLinux_name'))]"
            ],
            "kind": "functionapp,linux",
            "properties": {
                "enabled": true,
                "hostNameSslStates": [
                    {
                        "name": "uokgpsocialmediaapp.azurewebsites.net",
                        "sslState": "Disabled",
                        "hostType": "Standard"
                    },
                    {
                        "name": "uokgpsocialmediaapp.scm.azurewebsites.net",
                        "sslState": "Disabled",
                        "hostType": "Repository"
                    }
                ],
                "serverFarmId": "[resourceId('Microsoft.Web/serverfarms', parameters('serverfarms_UoKGPAppServicePlanLinux_name'))]",
                "reserved": true,
                "isXenon": false,
                "hyperV": false,
                "scmSiteAlsoStopped": false,
                "clientAffinityEnabled": false,
                "clientCertEnabled": false,
                "hostNamesDisabled": false,
                "containerSize": 1536,
                "dailyMemoryTimeQuota": 0,
                "httpsOnly": false,
                "redundancyMode": "None"
            }
        },
        {
            "type": "Microsoft.Web/sites",
            "apiVersion": "2018-11-01",
            "name": "[parameters('sites_UoKGPWebAPI_name')]",
            "location": "UK South",
            "dependsOn": [
                "[resourceId('Microsoft.Web/serverfarms', parameters('serverfarms_UoKGPAppServicePlanLinux_name'))]"
            ],
            "kind": "app,linux",
            "properties": {
                "enabled": true,
                "hostNameSslStates": [
                    {
                        "name": "uokgpwebapi.azurewebsites.net",
                        "sslState": "Disabled",
                        "hostType": "Standard"
                    },
                    {
                        "name": "uokgpwebapi.scm.azurewebsites.net",
                        "sslState": "Disabled",
                        "hostType": "Repository"
                    }
                ],
                "serverFarmId": "[resourceId('Microsoft.Web/serverfarms', parameters('serverfarms_UoKGPAppServicePlanLinux_name'))]",
                "reserved": true,
                "isXenon": false,
                "hyperV": false,
                "scmSiteAlsoStopped": false,
                "clientAffinityEnabled": false,
                "clientCertEnabled": false,
                "hostNamesDisabled": false,
                "containerSize": 0,
                "dailyMemoryTimeQuota": 0,
                "httpsOnly": false,
                "redundancyMode": "None"
            }
        },
        {
            "type": "Microsoft.Web/sites/config",
            "apiVersion": "2018-11-01",
            "name": "[concat(parameters('sites_UoKGPLiveHistoricalApp_name'), '/web')]",
            "location": "UK South",
            "dependsOn": [
                "[resourceId('Microsoft.Web/sites', parameters('sites_UoKGPLiveHistoricalApp_name'))]"
            ],
            "properties": {
                "numberOfWorkers": 1,
                "defaultDocuments": [
                    "Default.htm",
                    "Default.html",
                    "Default.asp",
                    "index.htm",
                    "index.html",
                    "iisstart.htm",
                    "default.aspx",
                    "index.php"
                ],
                "netFrameworkVersion": "v4.0",
                "linuxFxVersion": "Python|3.7",
                "requestTracingEnabled": false,
                "remoteDebuggingEnabled": false,
                "httpLoggingEnabled": false,
                "logsDirectorySizeLimit": 35,
                "detailedErrorLoggingEnabled": false,
                "publishingUsername": "$UoKGPLiveHistoricalApp",
                "scmType": "None",
                "use32BitWorkerProcess": true,
                "webSocketsEnabled": false,
                "alwaysOn": false,
                "managedPipelineMode": "Integrated",
                "virtualApplications": [
                    {
                        "virtualPath": "/",
                        "physicalPath": "site\\wwwroot",
                        "preloadEnabled": false
                    }
                ],
                "loadBalancing": "LeastRequests",
                "experiments": {
                    "rampUpRules": []
                },
                "autoHealEnabled": false,
                "cors": {
                    "allowedOrigins": [
                        "https://functions.azure.com",
                        "https://functions-staging.azure.com",
                        "https://functions-next.azure.com"
                    ],
                    "supportCredentials": false
                },
                "localMySqlEnabled": false,
                "ipSecurityRestrictions": [
                    {
                        "ipAddress": "Any",
                        "action": "Allow",
                        "priority": 1,
                        "name": "Allow all",
                        "description": "Allow all access"
                    }
                ],
                "scmIpSecurityRestrictions": [
                    {
                        "ipAddress": "Any",
                        "action": "Allow",
                        "priority": 1,
                        "name": "Allow all",
                        "description": "Allow all access"
                    }
                ],
                "scmIpSecurityRestrictionsUseMain": false,
                "http20Enabled": false,
                "minTlsVersion": "1.2",
                "ftpsState": "AllAllowed",
                "reservedInstanceCount": 0
            }
        },
        {
            "type": "Microsoft.Web/sites/config",
            "apiVersion": "2018-11-01",
            "name": "[concat(parameters('sites_UoKGPSocialmediaApp_name'), '/web')]",
            "location": "UK South",
            "dependsOn": [
                "[resourceId('Microsoft.Web/sites', parameters('sites_UoKGPSocialmediaApp_name'))]"
            ],
            "properties": {
                "numberOfWorkers": 1,
                "defaultDocuments": [
                    "Default.htm",
                    "Default.html",
                    "Default.asp",
                    "index.htm",
                    "index.html",
                    "iisstart.htm",
                    "default.aspx",
                    "index.php"
                ],
                "netFrameworkVersion": "v4.0",
                "linuxFxVersion": "PYTHON|3.7",
                "requestTracingEnabled": false,
                "remoteDebuggingEnabled": false,
                "remoteDebuggingVersion": "VS2019",
                "httpLoggingEnabled": false,
                "logsDirectorySizeLimit": 35,
                "detailedErrorLoggingEnabled": false,
                "publishingUsername": "$UoKGPSocialmediaApp",
                "scmType": "None",
                "use32BitWorkerProcess": true,
                "webSocketsEnabled": false,
                "alwaysOn": false,
                "managedPipelineMode": "Integrated",
                "virtualApplications": [
                    {
                        "virtualPath": "/",
                        "physicalPath": "site\\wwwroot",
                        "preloadEnabled": false
                    }
                ],
                "loadBalancing": "LeastRequests",
                "experiments": {
                    "rampUpRules": []
                },
                "autoHealEnabled": false,
                "cors": {
                    "allowedOrigins": [
                        "*"
                    ],
                    "supportCredentials": false
                },
                "localMySqlEnabled": false,
                "ipSecurityRestrictions": [
                    {
                        "ipAddress": "Any",
                        "action": "Allow",
                        "priority": 1,
                        "name": "Allow all",
                        "description": "Allow all access"
                    }
                ],
                "scmIpSecurityRestrictions": [
                    {
                        "ipAddress": "Any",
                        "action": "Allow",
                        "priority": 1,
                        "name": "Allow all",
                        "description": "Allow all access"
                    }
                ],
                "scmIpSecurityRestrictionsUseMain": false,
                "http20Enabled": false,
                "minTlsVersion": "1.2",
                "ftpsState": "AllAllowed",
                "reservedInstanceCount": 0
            }
        },
        {
            "type": "Microsoft.Web/sites/config",
            "apiVersion": "2018-11-01",
            "name": "[concat(parameters('sites_UoKGPWebAPI_name'), '/web')]",
            "location": "UK South",
            "dependsOn": [
                "[resourceId('Microsoft.Web/sites', parameters('sites_UoKGPWebAPI_name'))]"
            ],
            "properties": {
                "numberOfWorkers": 1,
                "defaultDocuments": [
                    "Default.htm",
                    "Default.html",
                    "Default.asp",
                    "index.htm",
                    "index.html",
                    "iisstart.htm",
                    "default.aspx",
                    "index.php",
                    "hostingstart.html"
                ],
                "netFrameworkVersion": "v4.0",
                "linuxFxVersion": "DOTNETCORE|2.1",
                "requestTracingEnabled": false,
                "remoteDebuggingEnabled": false,
                "remoteDebuggingVersion": "VS2019",
                "httpLoggingEnabled": false,
                "logsDirectorySizeLimit": 35,
                "detailedErrorLoggingEnabled": false,
                "publishingUsername": "$UoKGPWebAPI",
                "scmType": "VSTSRM",
                "use32BitWorkerProcess": true,
                "webSocketsEnabled": false,
                "alwaysOn": false,
                "appCommandLine": "dotnet APIGroupProject.dll",
                "managedPipelineMode": "Integrated",
                "virtualApplications": [
                    {
                        "virtualPath": "/",
                        "physicalPath": "site\\wwwroot",
                        "preloadEnabled": false
                    }
                ],
                "loadBalancing": "LeastRequests",
                "experiments": {
                    "rampUpRules": []
                },
                "autoHealEnabled": false,
                "cors": {
                    "allowedOrigins": [
                        "*"
                    ],
                    "supportCredentials": false
                },
                "localMySqlEnabled": false,
                "ipSecurityRestrictions": [
                    {
                        "ipAddress": "Any",
                        "action": "Allow",
                        "priority": 1,
                        "name": "Allow all",
                        "description": "Allow all access"
                    }
                ],
                "scmIpSecurityRestrictions": [
                    {
                        "ipAddress": "Any",
                        "action": "Allow",
                        "priority": 1,
                        "name": "Allow all",
                        "description": "Allow all access"
                    }
                ],
                "scmIpSecurityRestrictionsUseMain": false,
                "http20Enabled": false,
                "minTlsVersion": "1.2",
                "ftpsState": "AllAllowed",
                "reservedInstanceCount": 0
            }
        },
        {
            "type": "Microsoft.Web/sites/functions",
            "apiVersion": "2018-11-01",
            "name": "[concat(parameters('sites_UoKGPSocialmediaApp_name'), '/HttpTrigger')]",
            "location": "UK South",
            "dependsOn": [
                "[resourceId('Microsoft.Web/sites', parameters('sites_UoKGPSocialmediaApp_name'))]"
            ],
            "properties": {
                "script_root_path_href": "https://uokgpsocialmediaapp.azurewebsites.net/admin/vfs/home/site/wwwroot/HttpTrigger/",
                "script_href": "https://uokgpsocialmediaapp.azurewebsites.net/admin/vfs/home/site/wwwroot/HttpTrigger/__init__.py",
                "config_href": "https://uokgpsocialmediaapp.azurewebsites.net/admin/vfs/home/site/wwwroot/HttpTrigger/function.json",
                "href": "https://uokgpsocialmediaapp.azurewebsites.net/admin/functions/HttpTrigger",
                "config": {},
                "test_data": "{\"method\":\"get\",\"body\":\"\",\"queryStringParams\":[{\"name\":\"startDate\",\"value\":\"2019-02-01\"},{\"name\":\"endDate\",\"value\":\"2019-04-29\"},{\"name\":\"currency\",\"value\":\"bitcoin\"}],\"headers\":[]}"
            }
        },
        {
            "type": "Microsoft.Web/sites/functions",
            "apiVersion": "2018-11-01",
            "name": "[concat(parameters('sites_UoKGPLiveHistoricalApp_name'), '/LiveDataTimerTrigger')]",
            "location": "UK South",
            "dependsOn": [
                "[resourceId('Microsoft.Web/sites', parameters('sites_UoKGPLiveHistoricalApp_name'))]"
            ],
            "properties": {
                "script_root_path_href": "https://uokgplivehistoricalapp.azurewebsites.net/admin/vfs/home/site/wwwroot/LiveDataTimerTrigger/",
                "script_href": "https://uokgplivehistoricalapp.azurewebsites.net/admin/vfs/home/site/wwwroot/LiveDataTimerTrigger/__init__.py",
                "config_href": "https://uokgplivehistoricalapp.azurewebsites.net/admin/vfs/home/site/wwwroot/LiveDataTimerTrigger/function.json",
                "href": "https://uokgplivehistoricalapp.azurewebsites.net/admin/functions/LiveDataTimerTrigger",
                "config": {}
            }
        },
        {
            "type": "Microsoft.Web/sites/hostNameBindings",
            "apiVersion": "2018-11-01",
            "name": "[concat(parameters('sites_UoKGPLiveHistoricalApp_name'), '/', parameters('sites_UoKGPLiveHistoricalApp_name'), '.azurewebsites.net')]",
            "location": "UK South",
            "dependsOn": [
                "[resourceId('Microsoft.Web/sites', parameters('sites_UoKGPLiveHistoricalApp_name'))]"
            ],
            "properties": {
                "siteName": "UoKGPLiveHistoricalApp",
                "hostNameType": "Verified"
            }
        },
        {
            "type": "Microsoft.Web/sites/hostNameBindings",
            "apiVersion": "2018-11-01",
            "name": "[concat(parameters('sites_UoKGPSocialmediaApp_name'), '/', parameters('sites_UoKGPSocialmediaApp_name'), '.azurewebsites.net')]",
            "location": "UK South",
            "dependsOn": [
                "[resourceId('Microsoft.Web/sites', parameters('sites_UoKGPSocialmediaApp_name'))]"
            ],
            "properties": {
                "siteName": "UoKGPSocialmediaApp",
                "hostNameType": "Verified"
            }
        },
        {
            "type": "Microsoft.Web/sites/hostNameBindings",
            "apiVersion": "2018-11-01",
            "name": "[concat(parameters('sites_UoKGPWebAPI_name'), '/', parameters('sites_UoKGPWebAPI_name'), '.azurewebsites.net')]",
            "location": "UK South",
            "dependsOn": [
                "[resourceId('Microsoft.Web/sites', parameters('sites_UoKGPWebAPI_name'))]"
            ],
            "properties": {
                "siteName": "UoKGPWebAPI",
                "hostNameType": "Verified"
            }
        },
        {
            "type": "Microsoft.Storage/storageAccounts/blobServices/containers",
            "apiVersion": "2019-06-01",
            "name": "[concat(parameters('storageAccounts_sauokgp_name'), '/default/azure-webjobs-hosts')]",
            "dependsOn": [
                "[resourceId('Microsoft.Storage/storageAccounts/blobServices', parameters('storageAccounts_sauokgp_name'), 'default')]",
                "[resourceId('Microsoft.Storage/storageAccounts', parameters('storageAccounts_sauokgp_name'))]"
            ],
            "properties": {
                "publicAccess": "None"
            }
        },
        {
            "type": "Microsoft.Storage/storageAccounts/blobServices/containers",
            "apiVersion": "2019-06-01",
            "name": "[concat(parameters('storageAccounts_storageaccountgroupb081_name'), '/default/azure-webjobs-hosts')]",
            "dependsOn": [
                "[resourceId('Microsoft.Storage/storageAccounts/blobServices', parameters('storageAccounts_storageaccountgroupb081_name'), 'default')]",
                "[resourceId('Microsoft.Storage/storageAccounts', parameters('storageAccounts_storageaccountgroupb081_name'))]"
            ],
            "properties": {
                "publicAccess": "None"
            }
        },
        {
            "type": "Microsoft.Storage/storageAccounts/blobServices/containers",
            "apiVersion": "2019-06-01",
            "name": "[concat(parameters('storageAccounts_sauokgp_name'), '/default/azure-webjobs-secrets')]",
            "dependsOn": [
                "[resourceId('Microsoft.Storage/storageAccounts/blobServices', parameters('storageAccounts_sauokgp_name'), 'default')]",
                "[resourceId('Microsoft.Storage/storageAccounts', parameters('storageAccounts_sauokgp_name'))]"
            ],
            "properties": {
                "publicAccess": "None"
            }
        },
        {
            "type": "Microsoft.Storage/storageAccounts/blobServices/containers",
            "apiVersion": "2019-06-01",
            "name": "[concat(parameters('storageAccounts_storageaccountgroupb081_name'), '/default/azure-webjobs-secrets')]",
            "dependsOn": [
                "[resourceId('Microsoft.Storage/storageAccounts/blobServices', parameters('storageAccounts_storageaccountgroupb081_name'), 'default')]",
                "[resourceId('Microsoft.Storage/storageAccounts', parameters('storageAccounts_storageaccountgroupb081_name'))]"
            ],
            "properties": {
                "publicAccess": "None"
            }
        },
        {
            "type": "Microsoft.Storage/storageAccounts/blobServices/containers",
            "apiVersion": "2019-06-01",
            "name": "[concat(parameters('storageAccounts_sauokgp_name'), '/default/blob-container')]",
            "dependsOn": [
                "[resourceId('Microsoft.Storage/storageAccounts/blobServices', parameters('storageAccounts_sauokgp_name'), 'default')]",
                "[resourceId('Microsoft.Storage/storageAccounts', parameters('storageAccounts_sauokgp_name'))]"
            ],
            "properties": {
                "publicAccess": "None"
            }
        },
        {
            "type": "Microsoft.Storage/storageAccounts/fileServices/shares",
            "apiVersion": "2019-06-01",
            "name": "[concat(parameters('storageAccounts_storageaccountgroupb081_name'), '/default/getdatauseracbe')]",
            "dependsOn": [
                "[resourceId('Microsoft.Storage/storageAccounts/fileServices', parameters('storageAccounts_storageaccountgroupb081_name'), 'default')]",
                "[resourceId('Microsoft.Storage/storageAccounts', parameters('storageAccounts_storageaccountgroupb081_name'))]"
            ],
            "properties": {
                "shareQuota": 5120
            }
        }
    ]
}