{
    "$schema": "https://schema.management.azure.com/schemas/2015-01-01/deploymentTemplate.json#",
    "contentVersion": "1.0.0.0",
    "parameters": {
        "sites_UoKGPVortex_name": {
            "defaultValue": "UoKGPVortex",
            "type": "String"
        },
        "serverfarms_ASPSmartToilet_externalid": {
            "defaultValue": "/subscriptions/49f2dc35-7df7-4e57-8915-e74c2bba8f80/resourceGroups/SmartToilet/providers/Microsoft.Web/serverfarms/ASPSmartToilet",
            "type": "String"
        }
    },
    "variables": {},
    "resources": [
        {
            "type": "Microsoft.Web/sites",
            "apiVersion": "2018-11-01",
            "name": "[parameters('sites_UoKGPVortex_name')]",
            "location": "UK South",
            "kind": "app",
            "properties": {
                "enabled": true,
                "hostNameSslStates": [
                    {
                        "name": "uokgpvortex.azurewebsites.net",
                        "sslState": "Disabled",
                        "hostType": "Standard"
                    },
                    {
                        "name": "uokgpvortex.scm.azurewebsites.net",
                        "sslState": "Disabled",
                        "hostType": "Repository"
                    }
                ],
                "serverFarmId": "[parameters('serverfarms_ASPSmartToilet_externalid')]",
                "reserved": false,
                "isXenon": false,
                "hyperV": false,
                "scmSiteAlsoStopped": false,
                "clientAffinityEnabled": true,
                "clientCertEnabled": false,
                "hostNamesDisabled": false,
                "containerSize": 0,
                "dailyMemoryTimeQuota": 0,
                "httpsOnly": false,
                "redundancyMode": "None"
            }
        },
        {
            "type": "Microsoft.Web/sites/config",
            "apiVersion": "2018-11-01",
            "name": "[concat(parameters('sites_UoKGPVortex_name'), '/web')]",
            "location": "UK South",
            "dependsOn": [
                "[resourceId('Microsoft.Web/sites', parameters('sites_UoKGPVortex_name'))]"
            ],
            "properties": {
                "numberOfWorkers": 1,
                "defaultDocuments": [
                    "Default.htm",
                    "Default.html",
                    "Default.asp",
                    "index.htm",
                    "index.html",
                    "iisstart.htm",
                    "default.aspx",
                    "index.php",
                    "hostingstart.html"
                ],
                "netFrameworkVersion": "v4.0",
                "phpVersion": "5.6",
                "nodeVersion": "12.13.0",
                "requestTracingEnabled": false,
                "remoteDebuggingEnabled": false,
                "remoteDebuggingVersion": "VS2019",
                "httpLoggingEnabled": false,
                "logsDirectorySizeLimit": 35,
                "detailedErrorLoggingEnabled": false,
                "publishingUsername": "$UoKGPVortex",
                "scmType": "None",
                "use32BitWorkerProcess": true,
                "webSocketsEnabled": false,
                "alwaysOn": false,
                "managedPipelineMode": "Integrated",
                "virtualApplications": [
                    {
                        "virtualPath": "/",
                        "physicalPath": "site\\wwwroot",
                        "preloadEnabled": false
                    }
                ],
                "loadBalancing": "LeastRequests",
                "experiments": {
                    "rampUpRules": []
                },
                "autoHealEnabled": false,
                "cors": {
                    "allowedOrigins": [
                        "*"
                    ],
                    "supportCredentials": false
                },
                "localMySqlEnabled": false,
                "ipSecurityRestrictions": [
                    {
                        "ipAddress": "Any",
                        "action": "Allow",
                        "priority": 1,
                        "name": "Allow all",
                        "description": "Allow all access"
                    }
                ],
                "scmIpSecurityRestrictions": [
                    {
                        "ipAddress": "Any",
                        "action": "Allow",
                        "priority": 1,
                        "name": "Allow all",
                        "description": "Allow all access"
                    }
                ],
                "scmIpSecurityRestrictionsUseMain": false,
                "http20Enabled": false,
                "minTlsVersion": "1.2",
                "ftpsState": "AllAllowed",
                "reservedInstanceCount": 0
            }
        },
        {
            "type": "Microsoft.Web/sites/deployments",
            "apiVersion": "2018-11-01",
            "name": "[concat(parameters('sites_UoKGPVortex_name'), '/39e8fd1be4ce4ea8a31ea6721bce4297')]",
            "location": "UK South",
            "dependsOn": [
                "[resourceId('Microsoft.Web/sites', parameters('sites_UoKGPVortex_name'))]"
            ],
            "properties": {
                "status": 4,
                "author_email": "N/A",
                "author": "VS Code",
                "deployer": "Push-Deployer",
                "message": "Created via a push deployment",
                "start_time": "2020-03-11T19:44:15.9418534Z",
                "end_time": "2020-03-11T19:44:18.3374659Z",
                "active": false
            }
        },
        {
            "type": "Microsoft.Web/sites/deployments",
            "apiVersion": "2018-11-01",
            "name": "[concat(parameters('sites_UoKGPVortex_name'), '/5d28e55b76ab4cf98bc929676e01b47c')]",
            "location": "UK South",
            "dependsOn": [
                "[resourceId('Microsoft.Web/sites', parameters('sites_UoKGPVortex_name'))]"
            ],
            "properties": {
                "status": 4,
                "author_email": "N/A",
                "author": "VS Code",
                "deployer": "Push-Deployer",
                "message": "Created via a push deployment",
                "start_time": "2020-04-09T13:24:21.9796044Z",
                "end_time": "2020-04-09T13:24:24.5421277Z",
                "active": false
            }
        },
        {
            "type": "Microsoft.Web/sites/deployments",
            "apiVersion": "2018-11-01",
            "name": "[concat(parameters('sites_UoKGPVortex_name'), '/7d337078fe19456ebe7ddb85b0a5dd9a')]",
            "location": "UK South",
            "dependsOn": [
                "[resourceId('Microsoft.Web/sites', parameters('sites_UoKGPVortex_name'))]"
            ],
            "properties": {
                "status": 4,
                "author_email": "N/A",
                "author": "VS Code",
                "deployer": "Push-Deployer",
                "message": "Created via a push deployment",
                "start_time": "2020-04-07T12:10:38.3231603Z",
                "end_time": "2020-04-07T12:10:41.4950733Z",
                "active": false
            }
        },
        {
            "type": "Microsoft.Web/sites/deployments",
            "apiVersion": "2018-11-01",
            "name": "[concat(parameters('sites_UoKGPVortex_name'), '/7dd20ab6fb40416ca1d8f864a12cab9a')]",
            "location": "UK South",
            "dependsOn": [
                "[resourceId('Microsoft.Web/sites', parameters('sites_UoKGPVortex_name'))]"
            ],
            "properties": {
                "status": 4,
                "author_email": "N/A",
                "author": "VS Code",
                "deployer": "Push-Deployer",
                "message": "Created via a push deployment",
                "start_time": "2020-03-11T13:56:28.629494Z",
                "end_time": "2020-03-11T13:56:31.1920097Z",
                "active": false
            }
        },
        {
            "type": "Microsoft.Web/sites/deployments",
            "apiVersion": "2018-11-01",
            "name": "[concat(parameters('sites_UoKGPVortex_name'), '/8d7e8b32b6dd4568abf7d47a431dc64b')]",
            "location": "UK South",
            "dependsOn": [
                "[resourceId('Microsoft.Web/sites', parameters('sites_UoKGPVortex_name'))]"
            ],
            "properties": {
                "status": 4,
                "author_email": "N/A",
                "author": "VS Code",
                "deployer": "Push-Deployer",
                "message": "Created via a push deployment",
                "start_time": "2020-04-09T18:03:10.106719Z",
                "end_time": "2020-04-09T18:03:12.6848325Z",
                "active": true
            }
        },
        {
            "type": "Microsoft.Web/sites/deployments",
            "apiVersion": "2018-11-01",
            "name": "[concat(parameters('sites_UoKGPVortex_name'), '/b655cd4da49646208f6b6cb786c126cb')]",
            "location": "UK South",
            "dependsOn": [
                "[resourceId('Microsoft.Web/sites', parameters('sites_UoKGPVortex_name'))]"
            ],
            "properties": {
                "status": 4,
                "author_email": "N/A",
                "author": "VS Code",
                "deployer": "Push-Deployer",
                "message": "Created via a push deployment",
                "start_time": "2020-04-09T12:02:29.1257486Z",
                "end_time": "2020-04-09T12:02:32.5164487Z",
                "active": false
            }
        },
        {
            "type": "Microsoft.Web/sites/deployments",
            "apiVersion": "2018-11-01",
            "name": "[concat(parameters('sites_UoKGPVortex_name'), '/b9133b63f9ad4e4098511f972aed4c4b')]",
            "location": "UK South",
            "dependsOn": [
                "[resourceId('Microsoft.Web/sites', parameters('sites_UoKGPVortex_name'))]"
            ],
            "properties": {
                "status": 4,
                "author_email": "N/A",
                "author": "VS Code",
                "deployer": "Push-Deployer",
                "message": "Created via a push deployment",
                "start_time": "2020-03-19T18:05:07.3808579Z",
                "end_time": "2020-03-19T18:05:10.0995724Z",
                "active": false
            }
        },
        {
            "type": "Microsoft.Web/sites/deployments",
            "apiVersion": "2018-11-01",
            "name": "[concat(parameters('sites_UoKGPVortex_name'), '/dfb749ad97da44128d0c76b6ea5d59ef')]",
            "location": "UK South",
            "dependsOn": [
                "[resourceId('Microsoft.Web/sites', parameters('sites_UoKGPVortex_name'))]"
            ],
            "properties": {
                "status": 4,
                "author_email": "N/A",
                "author": "VS Code",
                "deployer": "Push-Deployer",
                "message": "Created via a push deployment",
                "start_time": "2020-03-12T14:58:19.4307791Z",
                "end_time": "2020-03-12T14:58:22.1494284Z",
                "active": false
            }
        },
        {
            "type": "Microsoft.Web/sites/deployments",
            "apiVersion": "2018-11-01",
            "name": "[concat(parameters('sites_UoKGPVortex_name'), '/e4e598f95dfc49f6bd1ecac4c7e52c9a')]",
            "location": "UK South",
            "dependsOn": [
                "[resourceId('Microsoft.Web/sites', parameters('sites_UoKGPVortex_name'))]"
            ],
            "properties": {
                "status": 4,
                "author_email": "N/A",
                "author": "VS Code",
                "deployer": "Push-Deployer",
                "message": "Created via a push deployment",
                "start_time": "2020-03-13T16:33:14.1817221Z",
                "end_time": "2020-03-13T16:33:16.9160367Z",
                "active": false
            }
        },
        {
            "type": "Microsoft.Web/sites/deployments",
            "apiVersion": "2018-11-01",
            "name": "[concat(parameters('sites_UoKGPVortex_name'), '/ed806548d26444b1a095b49be6391d19')]",
            "location": "UK South",
            "dependsOn": [
                "[resourceId('Microsoft.Web/sites', parameters('sites_UoKGPVortex_name'))]"
            ],
            "properties": {
                "status": 4,
                "author_email": "N/A",
                "author": "VS Code",
                "deployer": "Push-Deployer",
                "message": "Created via a push deployment",
                "start_time": "2020-04-09T12:12:05.6596335Z",
                "end_time": "2020-04-09T12:12:08.2065397Z",
                "active": false
            }
        },
        {
            "type": "Microsoft.Web/sites/hostNameBindings",
            "apiVersion": "2018-11-01",
            "name": "[concat(parameters('sites_UoKGPVortex_name'), '/', parameters('sites_UoKGPVortex_name'), '.azurewebsites.net')]",
            "location": "UK South",
            "dependsOn": [
                "[resourceId('Microsoft.Web/sites', parameters('sites_UoKGPVortex_name'))]"
            ],
            "properties": {
                "siteName": "UoKGPVortex",
                "hostNameType": "Verified"
            }
        }
    ]
}